<?xml version="1.0" encoding="utf-8"?>
<xsl:stylesheet version="1.0" xmlns:xsl="http://www.w3.org/1999/XSL/Transform">
 <xsl:output encoding="utf-8" method="html"/>

 <xsl:template match="message">
  <html>
   <head>
    <title>Marco's Store</title>
   </head>
   <body>
    <h1>Marco's Store</h1>
    <xsl:apply-templates />
   </body>
  </html>
 </xsl:template>

 <xsl:template match="p">
  <p>
   <xsl:apply-templates mode="identity" />
  </p>
 </xsl:template>

 <xsl:template match="callout">
  <div style="width: 100%; border: 1px solid red; background: yellow">
   <xsl:apply-templates mode="identity" />
  </div>
 </xsl:template>

 <xsl:template match="table">
  <table>
   <xsl:apply-templates mode="identity" />
  </table>
 </xsl:template>

 <!-- Identity template -->

 <xsl:template match="node()|@*" mode="identity">
   <xsl:copy>
     <xsl:copy-of select="."/>
   </xsl:copy>
 </xsl:template>

</xsl:stylesheet>