<?xml version="1.0" encoding="utf-8"?>
<message from="Marco's Store" address="sales@example.com">
 <subject>Purchase Confirmation #2112738</subject>
 <body>
  <p>
   Thank you for your purchase! Your purchase number is #2112738.
  </p>
  <p>
   A list of the items purchased is below:
  </p>
  <table>
  <tr>
   <th>
    Product
   </th>
   <th>
    Unit Price
   </th>
   <th>
    Quantity
   </th>
   <th>
    Extension
   </th>
  </tr>
  <tr>
   <td>
    php|architect's Guide to PHP Design Patterns
   </td>
   <td align="center">
    $39.99
   </td>
   <td align="center">
    100
   </td>
   <td align="right">
    $3,999.00
   </td>
  </tr>
  <tr>
   <td>
    php|architect (single issue)
    <br />
    June 2006
   </td>
   <td align="center">
    $4.99
   </td>
   <td align="center">
    1
   </td>
   <td align="right">
    $4.99
   </td>
  </tr>
  <tr>
   <td colspan="3" align="right">Subtotal</td>
   <td align="right">$4,003.99</td>
  </tr>
  <tr>
   <td colspan="3" align="right">Total</td>
   <td align="right">$4,003.99</td>
  </tr>
  </table>
  <callout>
   If you have any questions, please do not hesitate to contact us at 1-877-555-5555.
  </callout>
 </body>
</message>